台本,2s視聴率,CTR,CVR,CV数,CTR×CVR
"ちょっとお待ちなさい！
""40代パートの主婦でも
AI副業で月収50万達成する方法""
知りたくありませんの？
これ、テレビでもオススメされてて
""家事の合間とか隙間時間に
PC開いて文章をコピペするだけ！""
なんてお手軽なのかしら...！
""だけどAIって難しそうだし
家事忙しくてAI勉強する時間なんて全くないわ...
って思った方々！""
大丈夫！安心なさい！
""あるのよ
私たちの味方が♡""
ここの無料オンラインセミナーに行きなさい！
""たった2時間で
AIの使い方から月10万稼ぐ方法まで学べちゃうの！""
""実際に
この無料セミナーに参加した人の中には
3週間で月収7万
約1ヶ月で20万稼いでる人もいるらしいわよ！""
""実はこれXのフォロワーが10万人以上いる
AI専門家の木内さんが運営してるセミナーで""
""木内さんの
「日本をAI先進国に」という想いから
今だけ完全無料で参加できるの！""
""しかも今だけ参加者限定で
「AI副業案件集」
などの12大特典がもらえるから
次の日から収益化目指せちゃうわよ！""
""オンラインで顔出し不要だから
そういうのが苦手な人でも安心なさい！""
""これ、10万人以上が参加した
人気無料セミナーだから""
""AI副業少しでも気になる人は
無料セミナーだけでも予約するのよ！""",0.14%,1.89%,7.41%,8,0.140%
"ChatGPTの時代もう終わりました
""まだChatGPTしか使ってない人は
正直時代遅れ""
今はもうAIの使い分けができてない人は生産性に10倍差が付けられてる
例えば市場調査や競合分析なら、PerplexityがChatGPTの10倍早く正確にまとめてくれるし
資料作成なら、Gensparkがプロレベルのスライドをたった5分で作ってくれる
このような最新のAIの情報をどこで入手したらいいか正直分からない人が多い
そこで日本最大級のAIコミュニティの無料AIセミナーが現在開催中
""実はこの無料セミナー
AI専門家の木内さんが運営していて、""
話題のAIの最新情報から仕事への活用術まで教えてくれるから、明日からの仕事が10倍楽に
""実際に参加した人からは
具体的なAIの最新情報が聞ける
セミナーの質が高いとの声が多数""
""しかも今だけ参加者限定で
AIツール辞典を含む豪華12大特典がもらえる""
""既に100,000人が参加した超人気無料セミナーなので
枠が埋まる前にLINE追加して予約""",0.13%,1.93%,6.67%,8,0.129%
"ご職業教えてください
30歳フリーランスです
どんな仕事内容かお聞きしてもいいですか？
AIを使ったライティングだったり、SNS運用をやっています
それって具体的にどういったことをするんですか？
ChatGPTを使って記事作成を代行したり
私インスタで美容系のアカウントを運営してて、投稿用の内容とか画像をAIで調べたり作ったりしてます
ぶっちゃけ月にどれくらい稼いでるんですか？
月によってかなり変わるんですけど平均で50万くらいですかね
AIは独学で身につけられたんですか？
私はSHIFT AIの無料セミナーに参加しました
正直自分でAIを勉強するのは無理だなと思って
そこではどんなことを教えてもらったんですか？
AIの最新情報から月10万稼ぐ方法、あとは仕事に活かす方法とかを教えてもらいました
正直無料のセミナーってちょっと怪しくないですか？
これまでに10万人以上参加してる実績があったのと無料なので最悪損しない時かなと思って
そんな規模大きいんですね
講師の木内さんが日本最大級のAIコミュニティを運営してるらしいんです
参加方法も特に面倒な作業がなかったんで安心して参加できました
LINE追加して予約するだけなんで特に面倒な手続きとかもなかったので気軽に参加できました
詳細をチェック↓",0.21%,2.43%,8.51%,8,0.207%
"""これで
月15万稼げます""
""使うのは
ChatGPTとKlingAIだけ""
""まずはChatGPTで
もとになる画像を生成""
""作りたい画像の
特徴を打つだけで完成""
""アイディアが思いつかなかったら
それもChatGPTに聞くだけ""
""次にKlingAIで
生成した画像を動かす""
してほしい動きをここに入力
""これだけで
バズる動画が完成！""
このような最新のAIの情報をどこで入手したらいいか正直分からない人が多い
""そこで日本最大級のAIコミュニティの
無料AIセミナーが現在開催中""
""実はこの無料セミナー
AI専門家の木内さんが運営していて、""
話題のAIの最新情報から仕事への活用術まで教えてくれるから、明日からの仕事が10倍楽に
""実際に参加した人からは
具体的なAIの最新情報が聞ける
講義の質が高いとの声も""
""今だけ参加者限定で
AIツール辞典を含む豪華12大特典がもらえる""
""既に100,000人が参加した超人気無料セミナーなので
枠が埋まる前にLINE追加して予約""",0.07%,1.56%,4.57%,8,0.072%
"""まだChatGPTしか
使ってない人""
全員おバカです。はい。
今話題の最新AI知ってますか？
例えば
""Copilotは
Microsoft社が開発した次世代AIで""
""テキスト入力するだけで
高品質なオリジナルイラストを
3分で作ってくれるし""
""Midjourneyを使えば
高品質なAI画像が
誰でも作れちゃいます""
""でもAIって難しそうで、
自分で勉強するのは面倒じゃないっすか""
じゃあどうしたらいいかって言うと
""このセミナー
無料で参加できるので行ってください""
""実はこれ
AI専門家の木内さんが運営していて""
""話題のAIの最新情報から仕事への活用術まで教えてくれるから、
明日からの仕事が10倍楽になっちゃいます。""
""実際に参加した人からは
具体的なAIの最新情報が聞ける
講義の質が高いとの声も""
""しかも今だけ参加者限定で
AIツール辞典を含む豪華12大特典がもらえます""
""既に100,000人が参加した超人気無料セミナーなので
気になる人は枠が埋まる前に
早めに申し込んだ方がいいっすよ""",0.20%,2.28%,8.60%,8,0.196%
"AI副業で稼ごうとしてる人、一回ストップ  
AI副業で稼げない人の衝撃の共通点は〇〇
実は、ほとんどのAI副業スクールが稼げない最大の理由は「サポート不足」。
やり方だけ教えて、一番面倒なアフターサポートはしてくれないので
AIは使えても仕事がなくて稼げない人が続出している
""そんな中
Xのフォロワー10万人超えのAI専門家で、あのキングコング西野さんも認めた木内翔太氏が、
「日本をAI先進国に」という思いで監修した""
この「2時間オンラインセミナー」を受ければ 
AI初心者でも月15万以上稼げる仕組みがスルッと理解できる
実際参加した人の中には、
４ヶ月で月収100万とか、半年で250万稼ぐ人も続出
""しかもSHIFT AIでは
実際に仕事を取ってくるところまで完全サポート""
だから学んで終わりではなく、確実に収入に繋げられる
実はこのセミナー、通常1万円のところ今だけ無料で公開中 
無理な勧誘も一切なし 
しかもAI副業案件集など豪華12大特典もプレゼント  
予約枠が埋まり次第即終了なので 
急いで詳細だけでもチェック",0.08%,1.23%,6.54%,7,0.080%
"ChatGPTを超える無料AIはコレ
例えばPerplexityは情報検索に特化していて、市場調査や競合分析をChatGPTの10倍早く正確にまとめてくれるし
Gensparkを使えば3日かかるようなスライドがたった5分で作れるようになる
このような最新のAIの情報をどこで入手したらいいか正直分からない人が多い
日本最大級のAIコミュニティの無料AIセミナーが現在開催中
""実はこの無料セミナー
AI専門家の木内さんが運営していて、""
話題のAIの最新情報から仕事への活用術まで教えてくれるから、明日からの仕事が10倍楽に
""実際に参加した人からは
具体的なAIの最新情報が聞ける
セミナーの質が高いとの声が多数""
""しかも今だけ参加者限定で
AIツール辞典を含む豪華12大特典がもらえる""
""既に100,000人が参加した超人気無料セミナーなので
枠が埋まる前に下の詳細から""",0.14%,1.88%,7.69%,7,0.144%
"【貯金額が可視化された世界】
""A：はぁ～、今月ほんとにヤバいかも...
B：そうだよね
A：子供の塾代もばかにならないし、でもあの子のこと考えたら夏期講習とかも通わせてあげたいし
B：分かる...
A：ゆかりちゃんちは最近どう...？""
B： そうだね...でも最近ちょっと余裕ができたかな(603万→605万）+20,000
A：え、てかさっきからなんで数字増えてるの？（150万）
B： 実は...半年前から副業始めて（605万→606万）+10,000
A： えっ副業？！パートとか？（150万）
B： ううん、AI副業。それで最近ちょっと余裕出てきて...（606万→608万）（+20,000）
A： AI副業？何それ？稼げるの？（150万）
B： こうしてる間もAIが自動で稼いでくれてる、ほら！（608万→610万）（+20,000)）
A： え、もう10万も増えてるじゃん！どこで覚えたのそんなの？
B： SHIFT AIっていうところの無料セミナーで教えてもらったの
A： 無料？怪しくない？
B： 私も最初そう思ったけど...AI専門家の木内さんって人がやってて、あのキングコング西野さんも認めてる人らしいんだよね。
B： 2時間だけで、私みたいなパソコン苦手な人にも、１から全部教えてくれるの。
A：まじか。。！
B：今ではたまに外食もできるようになったよ
A： すごすぎる...
B： しかも今なら無料でAI副業案件集とかの特典ももらえるらしい
B： 人気で申し込みが殺到してるみたいだから、興味あるなら早めに申し込んだ方がいいかも",0.22%,2.12%,10.14%,7,0.215%
"【ママを信じない娘vsAI副業を始めたママ】        
""一気に50万も入ってるんじゃん！
怪しい仕事とかじゃないよね...""        
ほんとに大丈夫？        
        全然大丈夫よ！（笑）
        テレビでもオススメされてたし
        ""家事の合間とか隙間時間に
パソコン開いて文章をコピペするだけなの！""
""え、絶対嘘じゃん！
しかもAIってなんか難しそうだし
私も分かんないのに
どこでそんなの覚えたの？""        
        ""たまたま見つけた
ここの無料セミナーで教えてもらったよ！""
何それ怪しすぎない？        
マジで止めた方が良いって        
        いや、それが本当に良かったのよ
        ""本当に2時間でAIの使い方から
月10万までの稼ぎ方とかぜーんぶ教えてくれたの""
""え、絶対嘘じゃん
お母さん洗脳されてない？大丈夫？""        
        ""私みたいな人もたくさんいたから大丈夫！
実際に参加した人の中には
3週間で月収7万とか
約1ヶ月で20万稼いだ人もいるんだって！""
""お母さんそれ本当？
そういう人たちは元々頭良かっただけじゃない？
どうせお金とか取られるんでしょ！""        
        ""いや、それが
本当に無料で教えてくれたんだよね！""
""え、ほんと？でもおかしくない？
なんでそんなこと無料で教えてくれるの？""        
        ""実はこれXのフォロワーが10万人以上いる
AI専門家の木内さん？って人が運営してるセミナーで""
        ""木内さんの
「日本をAI先進国に」という想いから
今だけ完全無料らしいの！""
""木内さん？
調べてみたらabemaとかにも出てるじゃん。
本当にすごいひとなんだ。。。""        
        ""そうそう。
しかも今だけ参加者限定で
「AI副業案件集」などの12大特典がもらえるらしくて。
私も貰えたよ、ほら。""
        ""しかもオンラインで
顔出しも要らなかったから気軽に参加できたよ！""
""へー、すご
そんなセミナー参加した方が絶対良いじゃん。。。""        
""私もAI気になってるし
そんなに言うなら参加してみようかな。。。""        
        ""これ、もう10万人以上が参加してる
人気無料セミナーだから""
        ""興味あるなら
早めに申し込んだ方がいいよ！""",0.14%,1.76%,7.69%,6,0.135%
"""副業始めたいんですけど何から始めたらいいか分かりません
アドバイスお願いします""
分かりました！
日本の10人に1人が副業してるっていうデータがあって
その中でちゃんと稼げる人ってほんの一握りしかいないんですけど
""今回僕がめちゃめちゃ分かりやすく
副業での稼ぎ方を
教えてあげます""
""結論、AI使ってください
っていうのも例えば9時から18時まで働いて、自分の時間できるのが21時くらいだとして、そこから1時間でできる副業ってAI副業だけなんですよね""
じゃあ実際にどうやって稼ぐかって言うと、一番簡単なのはこんな感じの動画を作ってTikTokとかYouTubeに投稿することです。
TikTokなら再生単価0.05円くらいだから、この500万再生された動画一本で25万稼げちゃってます
これやり方さえ知ってれば誰でも10分くらいで作れちゃうんですけど
具体的にどのAIをどうやって使えばいいのかって調べてもなかなか分からないじゃないですか
なので本気でAI使って月10万以上稼ぎたいならここの無料セミナーだけでも行ってみてください
これはAI専門家の木内さんが運営している
今まで10万人以上が参加した「完全無料」「たった2時間」「オンライン顔出しなし」のAIセミナーです
実際にこのセミナーに参加した人で
""始めて4ヶ月で100万稼いだ人や
1ヶ月で250万稼いでる人もいます""
副業したいけど何からやったらいいか分からないって人は
詳細からLINE追加して無料セミナー参加してきてください",0.12%,1.29%,9.38%,6,0.121%
"""実は私、
これで月15万稼いでます""
""実はもう『AIを使いこなせる人』と『使えない人』
の生産性に10倍差がついてます""
""でもAIって難しそうで、
自分で勉強するのは面倒ですよね""
""なので、まじでAI使って仕事楽にしたい人は
このセミナー無料で参加できるので行ってください""
""たった2時間でAIの使い方から
月10万稼ぐ方法とかも知れるんで""
控えめに言って神です
実際に、この無料セミナーに参加した人の中には
""4ヶ月で月収100万とか
約1ヶ月で250万稼いでる人もいます""
""実はこれ、あのキングコング西野さんも認めた 、
AI専門家の木内さんが運営しているセミナーで""
""木内さんの『日本をAI先進国に』という想いから
今だけ完全無料らしいです""
しかも今だけ参加者限定で
""『ChatGPT大全』などの豪華10大特典がもらえるんで、
明日から仕事楽にできちゃいます""
""さらに、オンラインで顔出し不要なので、
誰でも気軽に参加できます""
枠が埋まったら即終了なので、
""AI身につけたい人は今すぐLINE追加して
無料セミナー予約してみてください""",0.10%,1.49%,6.52%,6,0.097%
"結論、会社辞めても生きていけます
日曜日の夜、またあの職場かって思うと寝れなくて
""でも一人暮らしで
収入ゼロになるのが怖くて辞めれなかった""
""そんな時
SNSで見かけたAI副業""
""試してみたら
3ヶ月で会社の給料より稼げるようになって""
""今では2年間働かなくても
毎月50万貰えてる""
""でも実際AIって難しそうで、
どこで勉強すればいいか分かりませんでした""
""そこで出会ったのが
この無料セミナー""
私も実際に参加してみたら
""たった2時間でAIの使い方から
月10万稼ぐ方法とかも知れたから""
控えめに言って神でした
実際に、参加した人の中には
""4ヶ月で月収100万とか
約1ヶ月で250万稼いでる人もいます""
""実はこれ、あのキングコング西野さんも認めた 
AI専門家の木内さんが運営してるセミナーで""
""木内さんの『日本をAI先進国に』という想いから
今だけ完全無料らしい""
しかも今だけ参加者限定で
""「AI副業案件集」などの豪華12大特典がもらえるから
明日から仕事楽にできちゃいます""
""さらに、オンラインで顔出し不要なので、
誰でも気軽に参加できます""
枠が埋まったら即終了らしいんで
""AI身につけたい人は
今すぐ無料セミナーだけでも予約してみてください""",0.32%,2.63%,12.20%,5,0.321%
"""実は私、
これで月15万稼いでます""
""実はもう『AIを使いこなせる人』と『使えない人』
の生産性に10倍差がついてます""
""でもAIって難しそうで、
自分で勉強するのは面倒ですよね""
""なので、まじでAI使って仕事楽にしたい人は
このセミナー無料で参加できるので行ってください""
""たった2時間でAIの使い方から
月10万稼ぐ方法とかも知れるんで""
控えめに言って神です
実際に、この無料セミナーに参加した人の中には
""4ヶ月で月収100万とか
約1ヶ月で250万稼いでる人もいます""
""実はこれ、あのキングコング西野さんも認めた 、
AI専門家の木内さんが運営しているセミナーで""
""木内さんの『日本をAI先進国に』という想いから
今だけ完全無料らしいです""
しかも今だけ参加者限定で
""『ChatGPT大全』などの豪華10大特典がもらえるんで、
明日から仕事楽にできちゃいます""
""さらに、オンラインで顔出し不要なので、
誰でも気軽に参加できます""
枠が埋まったら即終了なので、
""AI身につけたい人は今すぐLINE追加して
無料セミナー予約してみてください""",0.10%,1.76%,5.62%,5,0.099%
"""副業ガチ勢は
もうChatGPTなんか使ってません。""
今使うべきAIは、これ。
""1つ目がGemini
Googleが開発した最強のAIで、ChatGPTより多くの情報を処理することができ、1時間の動画をたった5分で要約できる""
""2つ目はGrok
Xの最新投稿をもとに鮮度の高い情報を知れて、10分で最新トレンドの収集や分析ができる""
このような最新のAIの情報をどこで入手したらいいか正直分からない人が多い
そこで日本最大級のAIコミュニティの無料AIセミナーが現在開催中
""実はこの無料セミナー
AI専門家の木内さんが運営していて、""
話題のAIの最新情報から仕事への活用術まで教えてくれるから、明日からの仕事が10倍楽に
""実際に参加した人からは
具体的なAIの最新情報が聞ける
セミナーの質が高いとの声も""
""今だけ参加者限定で
AIツール辞典を含む豪華12大特典がもらえる""
""既に100,000人が参加した超人気無料セミナーなので
枠が埋まる前にLINE追加して予約""",0.04%,1.07%,3.91%,5,0.042%
"もう節約に疲れちゃった...値段ばっかり気にして 
 わかる...
 たまには値段見ないで、好きなもの買い物かごに入れてみたい 
 それ憧れる...
 ゆかりちゃんちも結構きついでしょ？
 そうだね...でも最近ちょっと余裕ができたかな
 え？なんで？
 実は...半年前から副業始めて
 えっ副業？！パートとか？
 ううん、AI副業。それで最近ちょっと余裕出てきて...
 AI副業？何それ？稼げるの？
 今月20万くらい稼げて
 20万？！ウソでしょ？！どこで覚えたのそんなの？
 SHIFT AIっていうところの無料セミナーで教えてもらったの
 無料？怪しくない？
 私も最初そう思ったけど...AI専門家の木内さんって人がやってて、あのキングコング西野さんも認めてる人らしいんだよね。
 2時間だけで、私みたいなパソコン苦手な人にも、１から全部教えてくれるの。
まじか。。！
今ではたまに外食もできるようになったよ
 すごすぎる...
 しかも今なら無料でAI副業案件集とかの特典ももらえるらしい
 それ私も受けたい！
 人気で申し込みが殺到してるみたいだから、興味あるなら早めに申し込んだ方がいいかも",0.07%,1.63%,4.42%,5,0.072%
"""【めっちゃバカそうなギャルが実は…】
大学の授業ってやっぱ難しいのかな～""
おいっす～、SHIBUYA出身のレイカで～す
（うわ俺のキャンパスライフ終わった～、レポートとか絶対押し付けられるやつじゃん）
うちが隣になったからには大学生活超充実させちゃうよん
""（まぁでもそういうことなら悪くないか（下心））
先生：じゃあ早速だけど、課題出すから来週までにやってきてなー""
ほーい、終わったー
""（初日から課題とかマジか、絶対パシられるーって）
え？もう終わったの？""
うんほら、ついでに先生女装させてやったｗ
え、スゴ、でもこの短時間でどうやって？
""資料系はClaudeにまとめて入れただけ、それをGensparkに入れたらこのスライドができたの
もしかしてオタク君AI使えない系？ｗ""
""（AIって難しそうだし、どこで勉強すればいいかもわからないんだよな…）
僕みたいなオタクにはもう遅いかな""
それならここの無料セミナー行った方が良いよ！
たった2時間でAIの使い方から副業で月10万稼ぐ方法とか教えてくれるから！
2時間無料はありがたいけど、本当にそれでAI身につけられるの？
""大丈夫！60歳のおじいちゃんでも15万とか稼いでるんだよ？
おじいちゃんに出来てオタク君に出来ないことないでしょ！""
確かにそれなら僕にもできるかも、、
""でしょ？ｗ
この無料セミナーこれまでに10万人以上参加した超人気セミナーだから、興味あるなら早めに申し込んだ方が良いかも""",0.02%,2.22%,1.10%,4,0.024%
"""AI副業に
興味がある皆さん！""
""これ、テレビでも
オススメされてたんだけど""
""家事の合間とか隙間時間に
PC開いて
プロンプト入力するだけ！""
こんなにもらえるの...!?
""でもAIって難しそうだし
家事忙しすぎて
AI勉強する時間なんて全くありませんでした...""
""そこで出会ったのが
この無料オンラインセミナー""
""たった2時間で
AIの使い方から月10万稼ぐ方法とかも知れたので
参加して大正解でした""
""実際に
この無料セミナーに参加した人の中には
3週間で月収7万
約1ヶ月で20万稼いでる人もいます""
""実はこれXのフォロワーが10万人以上いる
AI専門家の木内さんが運営してるセミナーで""
""木内さんの
「日本をAI先進国に」という想いから
今だけ完全無料で参加できるらしいです""
""しかも今だけ参加者限定で
「AI副業案件集」
などの12大特典がもらえるんで、
次の日から収益化目指せちゃいます""
""オンラインで顔出し不要なので
そういうのが苦手な人でも安心です""
""これ、10万人以上が参加した
人気無料セミナーなので""
""AI副業少しでも気になる人は
無料セミナーだけでも予約してみてください""",0.08%,0.90%,9.30%,4,0.084%
"""質問来てた！
副業始めたいのですが、月15万円以上稼げる副業ってありますか？""


結論から言うと
令和の時代に賢く稼ぐなら、AIを使った副業が一番！


今AIがめちゃくちゃバズってて、AI使える人が全然足りないから
簡単なAI作業でも時給が他の副業より圧倒的に高いんだよね

でも「AIって難しそう...」「パソコン苦手だし...」って思うでしょ？

そんなあなたにSHIFT AIがおすすめ！
あのキングコング西野さんも認めたAI専門家の木内さんが
たった2時間でAIの使い方から稼ぎ方まで教えてくれるよ

実際に参加した人の中には、3ヶ月目で20万、半年で100万稼いでる人も続出してるんだよね！

しかも、通常10,000円のところ今だけ無料みたいよ

令和の時代に効率よく稼ぎたいなら
AI副業一択だよ
したの詳細からチェックしてみて！",0.06%,1.02%,5.88%,4,0.060%
"AI副業で稼ごうとしてる人、絶対やめて
AI副業で稼げない人の衝撃の共通点は〇〇
実は一般的なAI副業スクールで稼げない原因は「サポート不足」
今の時代ではAIを知ってるふうに発信すれば誰でも稼げるため
大半のAIスクールがサポート不足で、稼げない人が続出している
""そんな中
Xのフォロワー10万人超えのAI専門家で、あのキングコング西野さんも認めた木内翔太氏が、
「日本をAI先進国に」という思いで監修した""
この「2時間オンラインセミナー」を受ければ 
AI初心者でも月15万以上稼げる仕組みがスルッと理解できる
実際参加した人の中には、
４ヶ月で月収100万とか、半年で250万稼ぐ人も続出
""しかもSHIFT AIでは
実際に仕事を取ってくるところまで完全サポート""
だから学んで終わりではなく、確実に収入に繋げられる
実はこのセミナー、通常1万円のところ今だけ無料で公開中 
予約枠が埋まり次第即終了なので 
急いで詳細だけでもチェック
",0.08%,1.27%,6.35%,4,0.081%
"""AI使ってないサラリーマン
一年後仕事なくなるかもしれんぞ""
""マッキンゼーの調査によると、
今後5年でに8億人分の仕事がAIで自動化されると予想されていて
すでにGoogleやAmazonなどでは1万人規模の人材解雇が起きています""
とは言ってもAIを実務にどう活かしたらいいかなんて分からない…
でもこれからはAIを使えないと、出世コースから外れて、同期や部下にどんどん追い越されてしまう…
""そうならないためにもこれ受けてみて
ここの無料セミナーが一番コスパ良いから""
たった2時間でAIを実務にどう活かすか教えてくれるから、明日からの仕事10倍楽にできちゃいます！
""実際にこの無料セミナーに参加した人の中には
完全未経験からプロンプトエンジニアになった人や
AIコンサルタントへ転身した人も！""
""実はこれ
日本最大級のAIコミュニティを持つSHIFT AIが運営していて
""
木内さんの「日本をAI先進国に」という想いから10,000円相当のセミナーが今だけ完全無料で参加できちゃいます
しかも今だけ参加者限定でAIツール辞典などの12大特典も！
枠が埋まったら即終了なのでAIで周りと差をつけたい人は詳細からセミナー予約してみて！",0.08%,1.75%,4.60%,4,0.080%
"またスーパーで特売品ばかり狙っちゃった...
 わかる...
 値段見ないで買い物してみたいわ。隣の奥さんとか、いつも高級スーパーで買い物してるの見ると羨ましい
 余裕だよね...
 ゆかりちゃんちも結構きついでしょ？
 そうだね...でも最近ちょっと余裕ができたかな
 え？なんで？
 実は...半年前から副業始めて
 えっ副業？！パートとか？
 ううん、AI副業。それで最近ちょっと余裕出てきて...
 AI副業？何それ？稼げるの？
 今月20万くらい稼げて
 20万？！ウソでしょ？！どこで覚えたのそんなの？
 SHIFT AIっていうところの無料セミナーで教えてもらったの
 無料？怪しくない？
 私も最初そう思ったけど...AI専門家の木内さんって人がやってて、あのキングコング西野さんも認めてる人らしいんだよね。
 2時間だけで、私みたいなパソコン苦手な人にも、１から全部教えてくれるの。
まじか。。！
今ではたまに外食もできるようになったよ
 すごすぎる...
 しかも今なら無料でAI副業案件集とかの特典ももらえるらしい
 人気で申し込みが殺到してるみたいだから、興味あるなら早めに申し込んだ方がいいかも",0.06%,1.67%,3.51%,4,0.059%
"""８時間かかる仕事が
AIで30分で終わる時代に""
""実はもう『AIを使いこなせる人』と『使えない人』
の生産性に10倍差がついてます""
""でもAIって難しそうで、
自分で勉強するのは面倒ですよね""
""なので、AI使って仕事楽にしたい人は
このセミナー無料で参加できるので行ってみてください""
""たった2時間でAIの使い方から
月10万稼ぐ方法とかも知れるので""
控えめに言って神です
実際に、この無料セミナーに参加した人の中には
""4ヶ月で月収100万とか
約1ヶ月で250万稼いでる人もいます""
""実はこれ、あのキングコング西野さんも認めた 
AI専門家の木内さんが運営しているセミナーで""
""木内さんの『日本をAI先進国に』という想いから
今だけ完全無料らしいです""
しかも今だけ参加者限定で
""『AI副業案件集』などの12大特典がもらえるので、
明日から仕事楽にできちゃいます""
""オンラインで顔出し不要なので、
誰でも気軽に参加できます""
枠が埋まったら即終了なので、
""AI身につけたい人は今すぐLINE追加して
無料セミナー予約してみてください""",0.10%,1.33%,7.55%,4,0.100%
"""貯金額が可視化されたらどうなるのか
A： もう...ほんっと今月カツカツでさ...（150万）
B： そうだよね...（600万→601万）+10,000
A： 夫の給料変わんないのに、ほんとに最近物価高くて...スーパー行くたびにビックリするもん（150万）
B： 分かる...（601万→603万）+20,000みたいな
A： ゆかりちゃんちは最近どう...？（150万）""
B： そうだね...でも最近ちょっと余裕ができたかな(603万→605万）+20,000
A：え、てかさっきからなんで数字増えてるの？（150万）
B： 実は...半年前から副業始めて（605万→606万）+10,000
A： えっ副業？！パートとか？（150万）
B： ううん、AI副業。それで最近ちょっと余裕出てきて...（606万→608万）（+20,000）
A： AI副業？何それ？稼げるの？（150万）
B： こうしてる間もAIが自動で稼いでくれてる、ほら！（608万→610万）（+20,000)）
A： え、もう10万も増えてるじゃん！どこで覚えたのそんなの？
B： SHIFT AIっていうところの無料セミナーで教えてもらったの
A： 無料？怪しくない？
B： 私も最初そう思ったけど...AI専門家の木内さんって人がやってて、あのキングコング西野さんも認めてる人らしいんだよね。
B： 2時間だけで、私みたいなパソコン苦手な人にも、１から全部教えてくれるの。
A：まじか。。！
B：今ではたまに外食もできるようになったよ
A： すごすぎる...
B： しかも今なら無料でAI副業案件集とかの特典ももらえるらしい
B： 人気で申し込みが殺到してるみたいだから、興味あるなら早めに申し込んだ方がいいかも",0.02%,1.86%,0.83%,4,0.015%
"""副業で月7桁稼げるようになる
最新AIはコレ""
例えば
""Perplexityは
情報検索に特化していて""
""市場調査や競合分析を
ChatGPTの10倍早く
正確にまとめてくれるし""
""Gensparkを使えば
3日かかるスライドが
たった5分で作れる""
このような最新のAIの情報をどこで入手したらいいか正直分からない人が多い
""そこで日本最大級のAIコミュニティの
無料AIセミナーが現在開催中""
""実はこの無料セミナー
AI専門家の木内さんが運営していて、""
話題のAIの最新情報から仕事への活用術まで教えてくれるから、明日からの仕事が10倍楽に
""実際に参加した人からは
具体的なAIの最新情報が聞ける
講義の質が高いとの声も""
""今だけ参加者限定で
AIツール辞典を含む豪華12大特典がもらえる""
""既に100,000人が参加した超人気無料セミナーなので
枠が埋まる前にLINE追加して予約""",0.06%,1.56%,3.60%,4,0.056%
"""まだChatGPTしか使ってない人
正直時代遅れです""
例えば
""Claudeは
情報分析に特化していて""
""資料の読み込みを行うだけで
具体のアクションの
提案までしてくれるし""
""Gammaは
高品質なスライドを
たった5分で作れる""
このような最新のAIの情報をどこで入手したらいいか正直分からない人が多い
""そこで日本最大級のAIコミュニティの
無料AIセミナーが現在開催中""
""実はこの無料セミナー
AI専門家の木内さんが運営していて、""
話題のAIの最新情報から仕事への活用術まで教えてくれるから、明日からの仕事が10倍楽に
""実際に参加した人からは
具体的なAIの最新情報が聞ける
講義の質が高いとの声も""
""今だけ参加者限定で
AIツール辞典を含む豪華12大特典がもらえる""
""既に100,000人が参加した超人気無料セミナーなので
枠が埋まる前にLINE追加して予約""",0.04%,1.93%,2.02%,4,0.039%
"はぁ、また今日も終電か...
こんだけ働いても給料据え置きしんどいわ...
久しぶり。私は5年後の君だよ。警告しに来た。
5年後の俺？
これが5年後の君の現実だ。
AIに仕事を奪われて、収入激減。
なぜこんなことが...
AIを学ばずに、時代に取り残されたから。
こんな未来が待ってるのか...
でも、SHIFT AIでAI副業を学んでいれば、
月収3倍、完全自由な生活を手に入れた。
たった2時間のセミナーで、こんなに変わるなんて。
何もしないと未来は暗いまま。
AIを味方につければ、未来は変わる。
AI専門家の木内翔太先生の無料セミナーで全部教えてくれる。
このチャンスを逃したら手遅れだぞ。
こんな未来は嫌だ！
次会う時は、自由な君でいてくれ。
SHIFT AIの無料セミナーに参加して、未来を変えませんか？
今すぐ動画下から詳細確認してください。",0.16%,1.79%,8.70%,4,0.156%
"【ママを信じない娘vsAI副業を始めたママ】	
AI副業？何それ怪しすぎない？	
お母さん大丈夫？	
	全然大丈夫よ！（笑）
	テレビでもオススメされてたし
	""家事の合間とか隙間時間に
パソコン開いて文章をコピペするだけなの！""
""え、絶対嘘じゃん！
しかもAIってなんか難しそうだし
私も分かんないのに
どこでそんなの覚えたの？""	
	""たまたま見つけた
ここの無料セミナーで教えてもらったよ！""
何それ？お母さん、絶対騙されてるよ！	
マジで止めた方が良いって	
	いや、それが本当に良かったのよ
	""本当に2時間でAIの使い方から
月10万までの稼ぎ方とかぜーんぶ教えてくれたの""
""え、絶対嘘じゃん
お母さん洗脳されてない？大丈夫？""	
	""私みたいな人もたくさんいたから大丈夫！
実際に参加した人の中には
3週間で月収7万とか
約1ヶ月で20万稼いだ人もいるんだって！""
""お母さんそれ本当？
そういう人たちは元々頭良かっただけじゃない？
どうせお金とか取られるんでしょ！""	
	""いや、それが
本当に無料で教えてくれたんだよね！""
""え、ほんと？でもおかしくない？
なんでそんなこと無料で教えてくれるの？""	
	""実はこれXのフォロワーが10万人以上いる
AI専門家の木内さん？って人が運営してるセミナーで""
	""木内さんの
「日本をAI先進国に」という想いから
今だけ完全無料らしいの！""
""木内さん？
調べてみたらabemaとかにも出てるじゃん。
本当にすごいひとなんだ。。。""	
	""そうそう。
しかも今だけ参加者限定で
「AI副業案件集」などの12大特典がもらえるらしくて。
私も貰えたよ、ほら。""
	""しかもオンラインで
顔出しも要らなかったから気軽に参加できたよ！""
""へー、すご
そんなセミナー参加した方が絶対良いじゃん。。。""	
""私もAI気になってるし
そんなに言うなら参加してみようかな。。。""	
	""これ、もう10万人以上が参加してる
人気無料セミナーだから""
	""興味あるなら
早めに申し込んだ方がいいよ！""",0.11%,1.60%,7.14%,3,0.114%
"""・今の給料じゃ家族養えなくて、SHIFT AIっていうセミナー始めたんだけど、
まじで〇〇しっとけばよかった""
よくある広告に釣られてSHIFT AI参加してみたけどまじで後悔してる
友達の真似して、ノリでこのセミナー参加してみたけど、まじで後悔してる
まぁ確かに
SHIFT AIのおかげで
AIの使い方も教えてもらったし
実際に副業とってくるとこまで
サポートしてくれたから、そこはめっちゃ満足してるんだけど、
それでもガチで後悔してる
だって今なら一万円かかるセミナー費用が無料なんだよ
まじで私の金返してくれよ、、
しかもなんか今、
ここから申し込むとAI副業案件集など含む１2大特典までついてくるらしいよ
いやこれから行ける人ラッキーすぎでしょ
マジで羨ましいわ、
でもこの無料セミナーは二周年記念キャンペーンで
枠が埋まったらすぐ終わっちゃうらしいから
少しでも興味ある人は
下の詳細から予約してみて


キャンペーン入れるか、木内入れるか
限定配信入れてここからの理由作る",0.09%,1.15%,7.50%,3,0.086%
"""無駄な隙間時間活用したい人、
長く稼げるスキル欲しい人、
10年後も通用するスキル欲しい人、
本業超える収入欲しい人、
月20万以上稼げるスキル欲しい人、
今より稼げる副業探してる人、
今の収入じゃ足りない人、
次世代技術に興味ある人
新しいツール触るの好きって人、""
""この副業絶対天職
１分で紹介します""
私がやった副業、それはAI使った副業
とはいえAI副業って、難しそうなイメージじゃないですか
でも実際のAI副業は、誰でもできる身近な副業なんです
ではなんでAI？って思うかもしれませんが、
AI人材の市場規模ってこの5年で180兆円になるって言われていて、
企業がAI人材を欲しがってるのに、使いこなせる人が足りないから需要過多になってるんですね。
""なので1案件10万〜50万の高単価で依頼が来るから
稼ぎやすさが他の副業と比べて段違いなんです""
そんな中、あのキングコング西野さんも認めたAI専門家の木内さんが、たった2時間で、しかも無料でAIの使い方から月10万稼ぐ方法まで教えてくれるんです。
実際、参加した人の中には4ヶ月で月収100万、1ヶ月で250万稼いでる人もいるらしいんですよね
私は本業があったので、隙間時間だけでやったけど、それでも月30万はゲットできました
しかも今ならこの無料セミナーに加えて、
AI副業案件集とかの12大特典も無料でもらえるらしいから、
予約が埋まる前に今すぐ詳細チェックしてみて",0.11%,1.64%,6.52%,3,0.107%
"""フル出社からの解放
リモートワークになって人生変わった
30代独身男性の平日ルーティーン""
新卒でエンジニアとして入社したけど
""毎日終電帰りで
なかなか自分の時間を確保できない...""
""お金は稼ぎたいけど
さすがに
今の生活をずっと続けるのは...""
そう思って考え始めた副業
""物販だったり、ポイ活だったり
色んな副業試してみたけど""
全部うまくいかなかった
AI副業なら忙しくて時間なくても稼げるって聞いて
参加した無料セミナーが大正解
ChatGPTすら触ったことなくて不安だったけど
""初心者から月10万稼ぐ方法を丁寧に教えてくれたから
僕でも大丈夫だった""
実はこれ、AI専門家で日本最大級の生成AIコミュニティを運営している木内さんがやってる無料セミナーで
木内さんの日本をAI先進国にという想いから、今なら完全無料で参加できるみたい
前の僕みたいに
貯金も時間も増やしたいよって人は
LINE追加して無料セミナー予約してみて",0.05%,1.22%,4.17%,3,0.051%
"日本の10人に1人が副業してるっていうデータがあって
その中でちゃんと稼げる人ってほんの一握りしかいないんですけど
""今回僕がめちゃめちゃ分かりやすく
副業での稼ぎ方を
教えてあげます""
""結論、AI使ってください
っていうのも例えば9時から18時まで働いて、自分の時間できるのが21時くらいだとして、そこから1時間でできる副業ってAI副業だけなんですよね""
じゃあ実際にどうやって稼ぐかって言うと、一番簡単なのはこんな感じの動画を作ってTikTokとかYouTubeに投稿することです。
TikTokなら再生単価0.05円くらいだから、この500万再生された動画一本で25万稼げちゃってます
これやり方さえ知ってれば誰でも10分くらいで作れちゃうんですけど
具体的にどのAIをどうやって使えばいいのかって調べてもなかなか分からないじゃないですか
なので本気でAI使って月10万以上稼ぎたいならここの無料セミナーだけでも行ってみてください
これはAI専門家の木内さんが運営している
今まで10万人以上が参加した「完全無料」「たった2時間」「オンライン顔出しなし」のAIセミナーです
実際にこのセミナーに参加した人で
""始めて4ヶ月で100万稼いだ人や
1ヶ月で250万稼いでる人もいます""
副業したいけど何からやったらいいか分からないって人は
詳細からLINE追加して無料セミナー参加してきてください",0.05%,0.91%,5.45%,3,0.049%
"""子育てで自分の時間少ない人
子育てでなかなか家から出られない人
家族の時間を大切にしたい人
旦那の給料だけじゃ足りない人
自分のペースで働きたい人
人と仕事するのが苦手な人
資格も経験もない人
早起きが苦手な人""
""この副業絶対天職
１分で紹介します""
私がやった副業、それはAI使った副業
とはいえAI副業って、難しそうなイメージじゃないですか
でも実際のAI副業は、普通の主婦でもできる身近な副業なんです
でもなんでAI？って思うかもしれませんが、
今小学校でもプログラミングが必修になってるくらい社会がAIを必要としてるのに、
使いこなせる大人が足りないから、普通の主婦でも重宝されるし、稼げる高単価の案件も多いんですよね
""なので1案件10万〜50万の高単価で依頼が来るから
稼ぎやすさが他の副業と比べて段違いなんです""
""そんな中、あのキングコング西野さんも認めたAI専門家の木内さんが、たった2時間で、しかも無料でAIの使い方から月10万稼ぐ方法まで教えてくれるんです。
実際、参加した人の中には4ヶ月で月収100万、1ヶ月で250万稼いでる人もいるらしいんですよね""
私は本業があったので、隙間時間だけでやったけど、それでも月30万はゲットできました
しかも今ならこの無料セミナーに加えて、
AI副業案件集とかの12大特典も無料でもらえるらしいから、
予約が埋まる前に今すぐ詳細チェックしてみて",0.20%,1.84%,11.11%,3,0.204%
"""""""実は私、
これで月15万稼いでます""""
""""実はもう『AIを使いこなせる人』と『使えない人』
の生産性に10倍差がついてます""""
""""でもAIって難しそうで、
自分で勉強するのは面倒ですよね""""
""""なので、まじでAI使って仕事楽にしたい人は
このセミナー無料で参加できるので行ってください""""
""""たった2時間でAIの使い方から
月10万稼ぐ方法とかも知れるんで""""
控えめに言って神です
実際に、この無料セミナーに参加した人の中には
""""4ヶ月で月収100万とか
約1ヶ月で250万稼いでる人もいます""""
""""実はこれ、あのキングコング西野さんも認めた 、
AI専門家の木内さんが運営しているセミナーで""""
""""木内さんの『日本をAI先進国に』という想いから
今だけ完全無料らしいです""""
しかも今だけ参加者限定で
""""『ChatGPT大全』などの豪華10大特典がもらえるんで、
明日から仕事楽にできちゃいます""""
""""さらに、オンラインで顔出し不要なので、
誰でも気軽に参加できます""""
枠が埋まったら即終了なので、
""""AI身につけたい人は今すぐLINE追加して
無料セミナー予約してみてください""""""",0.13%,0.78%,16.67%,3,0.131%
"ChatGPTを超える最強AIはコレ
例えばPerplexityは情報検索に特化していて、市場調査や競合分析をChatGPTの10倍早く正確にまとめてくれるし
Gensparkを使えば3日かかるようなスライドがたった5分で作れるようになる
このような最新のAIの情報をどこで入手したらいいか正直分からない人が多い
日本最大級のAIコミュニティの無料AIセミナーが現在開催中
""実はこの無料セミナー
AI専門家の木内さんが運営していて、""
話題のAIの最新情報から仕事への活用術まで教えてくれるから、明日からの仕事が10倍楽に
""実際に参加した人からは
具体的なAIの最新情報が聞ける
セミナーの質が高いとの声が多数""
""しかも今だけ参加者限定で
AIツール辞典を含む豪華12大特典がもらえる""
""既に100,000人が参加した超人気無料セミナーなので
枠が埋まる前にLINE追加して予約""",0.01%,1.81%,0.69%,3,0.012%
"""""""実は私、
これで月15万稼いでます""""
""""実はもう『AIを使いこなせる人』と『使えない人』
の生産性に10倍差がついてます""""
""""でもAIって難しそうで、
自分で勉強するのは面倒ですよね""""
""""なので、まじでAI使って仕事楽にしたい人は
このセミナー無料で参加できるので行ってください""""
""""たった2時間でAIの使い方から
月10万稼ぐ方法とかも知れるんで""""
控えめに言って神です
実際に、この無料セミナーに参加した人の中には
""""4ヶ月で月収100万とか
約1ヶ月で250万稼いでる人もいます""""
""""実はこれ、あのキングコング西野さんも認めた 、
AI専門家の木内さんが運営しているセミナーで""""
""""木内さんの『日本をAI先進国に』という想いから
今だけ完全無料らしいです""""
しかも今だけ参加者限定で
""""『ChatGPT大全』などの豪華10大特典がもらえるんで、
明日から仕事楽にできちゃいます""""
""""さらに、オンラインで顔出し不要なので、
誰でも気軽に参加できます""""
枠が埋まったら即終了なので、
""""AI身につけたい人は今すぐLINE追加して
無料セミナー予約してみてください""""""",0.01%,1.04%,1.32%,3,0.014%
"AI副業極めて
遂に月7桁突破しました！
""数年前まではAI副業って何？怪しくない？
って感じだったのに""
""今ではダラダラしてるだけで
上司より稼げちゃうのすごくない？""
""AIとか難しそう、怪しいって
思ってる人は""
""自己流で勉強して損する前に
ここの無料セミナーに参加してみて！""
私も実際に参加してみたら
""たった2時間でAIの使い方から
月10万稼ぐ方法とかも知れたから""
控えめに言って神でした
実際に、参加した人の中には
""4ヶ月で月収100万とか
約1ヶ月で250万稼いでる人もいます""
""実はこれ、あのキングコング西野さんも認めた 
AI専門家の木内さんが運営してるセミナーで""
""木内さんの『日本をAI先進国に』という想いから
今だけ完全無料らしいです""
しかも今だけ参加者限定で
""「AI副業案件集」などの豪華12大特典がもらえるから
明日から仕事楽にできちゃいます""
""さらに、オンラインで顔出し不要なので、
誰でも気軽に参加できます""
枠が埋まったら即終了らしいから
""AI身につけたい人は
今すぐLINE追加してみて！""",0.16%,2.13%,7.69%,3,0.164%
"AIで稼げすぎてしぬ！
""ChatGPTすら使えなかったのに
AI使って月40万なのしぬ""
""おかげで給料増えない会社とはお別れ
好きな時に好きな場所で働かせてもらってます""
どうやってこの生活手に入れたか教えますね
知ってますかSHIFT AIって！
""ここの無料セミナーに参加したおかげで
モチベのネイルもできて
好きなだけ買い物して
彼とも沢山一緒にいられるのしぬ！""
""お勉強ずっと避けてきた私に
AIの使い方から月10万までの方法を教えてくれてマジで感謝""
しかも参加した人限定の特典ももらえちゃいました
""オンラインで顔出しなしでOKで
めんどくさがりな私には最高でした""
LINE追加して予約するだけなので
勝ち組になりたい人は試してみてね",0.08%,1.96%,4.29%,3,0.084%
"""40代パートの私が
AI副業で旦那の給料の2倍に""
""実はもう『AIを使いこなせる人』と『使えない人』
の生産性に10倍差がついてます""
""でもAIって難しそうで、
自分で勉強するのは面倒ですよね""
""なので、AI使って仕事楽にしたい人は
このセミナー無料で参加できるので行ってみてください""
""たった2時間でAIの使い方から
月10万稼ぐ方法とかも知れるので""
控えめに言って神です
実際に、この無料セミナーに参加した人の中には
""4ヶ月で月収100万とか
約1ヶ月で250万稼いでる人もいます""
""実はこれ、あのキングコング西野さんも認めた 
AI専門家の木内さんが運営しているセミナーで""
""木内さんの『日本をAI先進国に』という想いから
今だけ完全無料らしいです""
しかも今だけ参加者限定で
""『AI副業案件集』などの12大特典がもらえるので、
明日から仕事楽にできちゃいます""
""オンラインで顔出し不要なので、
誰でも気軽に参加できます""
枠が埋まったら即終了なので、
""AI身につけたい人は今すぐLINE追加して
無料セミナー予約してみてください""",0.04%,1.37%,3.23%,3,0.044%
"旦那の給料が低すぎんか
AIを使える主婦は、家事の合間に旦那の2倍稼いでてしぬ！
でもAIって難しそうだし、家事忙しすぎてAI勉強する時間なんてなくない？
だから今の旦那の給料に不満がある人はこのセミナー無料で参加できるので試してみて！
たった2時間でAIの使い方から月10万稼ぐ方法とかも知れて、参加して大正解
""この無料セミナーに参加した人の中には
2週間で7万とか1ヶ月で20万稼いでる人もいるらしい！秒で金持ち！""
""これXのフォロワーが10万人以上いる
AI専門家の木内さんが運営してるセミナーで""
""木内さんの「日本をAI先進国に」って想いから
今だけ完全無料で参加できんのしぬ""
""しかも参加者限定で
ここらへんの特典くれるらしい
太っ腹すぎんだろ！しぬ！""
オンラインで顔出し不要だからすっぴんでも受けれるのえぐ！天才！
これまで10万人以上が参加した人気無料セミナーだから、AIで旦那の給料超えたい人はLINE追加して無料セミナー予約して！",0.06%,2.27%,2.83%,3,0.064%
"""A：はぁ～、今月ほんとにヤバいかも...
B：そうだよね
A：夫の給料はずっと変わらないし、ボーナスも全然貰えなくて
B：分かる...
A：ゆかりちゃんちは最近どう...？""
B： そうだね...でも最近ちょっと余裕ができたかな(603万→605万）+20,000
A：え、てかさっきからなんで数字増えてるの？（150万）
B： 実は...半年前から副業始めて（605万→606万）+10,000
A： えっ副業？！パートとか？（150万）
B： ううん、AI副業。それで最近ちょっと余裕出てきて...（606万→608万）（+20,000）
A： AI副業？何それ？稼げるの？（150万）
B： こうしてる間もAIが自動で稼いでくれてる、ほら！（608万→610万）（+20,000)）
A： え、もう10万も増えてるじゃん！どこで覚えたのそんなの？
B： SHIFT AIっていうところの無料セミナーで教えてもらったの
A： 無料？怪しくない？
B： 私も最初そう思ったけど...AI専門家の木内さんって人がやってて、あのキングコング西野さんも認めてる人らしいんだよね。
B： 2時間だけで、私みたいなパソコン苦手な人にも、１から全部教えてくれるの。
A：まじか。。！
B：今ではたまに外食もできるようになったよ
A： すごすぎる...
B： しかも今なら無料でAI副業案件集とかの特典ももらえるらしい
B： 人気で申し込みが殺到してるみたいだから、興味あるなら早めに申し込んだ方がいいかも",0.07%,2.34%,3.06%,3,0.072%
"スキマ時間のAI副業で旦那の給料超えました
実はもうAIを使える主婦は、家事の合間に旦那の2倍稼いでます
でもAIって難しそうだし、家事忙しすぎてAI勉強する時間なんてないじゃないですか
なので、今の旦那の給料に不満がある人はこのセミナー無料で参加できるので試してみてください
たった2時間でAIの使い方から月10万稼ぐ方法とかも知れたので、参加して大正解でした
""実際に、この無料セミナーに参加した人の中には
2週間で7万とか1ヶ月で20万稼いでる人もいます""
""実はこれXのフォロワーが10万人以上いる
AI専門家の木内さんが運営してるセミナーで""
""木内さんの「日本をAI先進国に」という想いから
今だけ完全無料で参加できるらしいです""
""しかも今だけ参加者限定で
「AI副業案件集」などの12大特典がもらえるんで、
次の日から収益化目指せちゃいます""
オンラインで顔出し不要なので、そういうのが苦手な人でも安心です
これまで10万人以上が参加した人気無料セミナーなので、AIで旦那の給料超えたい人はLINE追加して無料セミナー予約してみてください",0.05%,1.89%,2.42%,3,0.046%
"""ママ友には
絶対言えんけど""
""いまだにAI副業
始めてないって""
ヤバいかも💦
""これ、テレビでも
オススメされてたんだけど""
""家事の合間とか隙間時間に
PC開いて
プロンプト入力するだけ！""
こんなにもらえるの...!?
""でもAIって難しそうだし
家事忙しすぎて
AI勉強する時間なんて全くありませんでした...""
""そこで出会ったのが
この無料オンラインセミナー""
""たった2時間で
AIの使い方から月10万稼ぐ方法とかも知れたので
参加して大正解でした""
""実際に
この無料セミナーに参加した人の中には
3週間で月収7万
約1ヶ月で20万稼いでる人もいます""
""実はこれXのフォロワーが10万人以上いる
AI専門家の木内さんが運営してるセミナーで""
""木内さんの
「日本をAI先進国に」という想いから
今だけ完全無料で参加できるらしいです""
""しかも今だけ参加者限定で
「AI副業案件集」
などの12大特典がもらえるんで、
次の日から収益化目指せちゃいます""
""オンラインで顔出し不要なので
そういうのが苦手な人でも安心です""
""これ、10万人以上が参加した
人気無料セミナーなので""
""AI副業少しでも気になる人は
無料セミナーだけでも予約してみてください""",0.04%,2.89%,1.27%,2,0.037%
"""実は私
これで月15万稼いでます""
""これ、テレビでも
オススメされてたんだけど""
""家事の合間とか隙間時間に
PC開いて
プロンプト入力するだけ！""
こんなにもらえるの...!?
""でもAIって難しそうだし
家事忙しすぎて
AI勉強する時間なんて全くありませんでした...""
""そこで出会ったのが
この無料オンラインセミナー""
""たった2時間で
AIの使い方から月10万稼ぐ方法とかも知れたので
参加して大正解でした""
""実際に
この無料セミナーに参加した人の中には
3週間で月収7万
約1ヶ月で20万稼いでる人もいます""
""実はこれXのフォロワーが10万人以上いる
AI専門家の木内さんが運営してるセミナーで""
""木内さんの
「日本をAI先進国に」という想いから
今だけ完全無料で参加できるらしいです""
""しかも今だけ参加者限定で
「AI副業案件集」
などの12大特典がもらえるんで、
次の日から収益化目指せちゃいます""
""オンラインで顔出し不要なので
そういうのが苦手な人でも安心です""
""これ、10万人以上が参加した
人気無料セミナーなので""
""AI副業少しでも気になる人は
無料セミナーだけでも予約してみてください""",0.07%,2.77%,2.53%,2,0.070%
"【AIを疑ってる人vsAIで月50万稼いでいる友達】	
（口座画面スタートで見上げる）	
お前本当にこれ稼いでるん？	
	そーだよ
絶対嘘だろ、、、証拠は？	
	ほら（口座見せる）
へー（まだ疑ってる感じ、表情でも出したい）	
でもどうやって稼いだんだよ	
	""まずはChatGPTで
もとになる画像を生成！""
	""作りたい画像の
特徴を打つだけで完成""
	""アイディアが思いつかなかったら
それもChatGPTに聞くだけ""
	""次にKlingAIで
生成した画像を動かす""
	してほしい動きをここに入力
	""これだけで
バズる動画が完成！その収益で稼いでるぞ""
そんな稼げるんだ〜〜	
	""お前今絶対AIは勉強しといた方がいいぞ。
みんな難しいとか言って勉強しないからな""
でも難しいのは実際そうなんだろ。	
	""まあ確かに1人で勉強するのは簡単じゃないかもしれん。
でも俺は2時間無料で教えてもらったぞ""
え、2時間無料？？どういうこと？	
	""実は今あのキングコング西野さんも認めた
AI専門家の木内さんっていう人が""
	""「日本をAI先進国に」っていう思いから
今だけ完全無料で教えてくれるんだ""
マジ？どこで教えてくれるの？？	
	""ここの無料セミナーで
教えてもらったぞ""
	""しかも今なら
無料でAI副業案件集とかの
特典ももらえるらしい""
	""人気で申し込みが
殺到してるみたいだから、
興味あるなら早めに
申し込んだ方がいいぞ！""",0.06%,1.60%,3.51%,2,0.056%
"""質問来てた！
副業始めたいのですが、月15万円以上稼げる副業ってありますか？""


結論から言うと
令和の時代に賢く稼ぐなら、AIを使った副業が一番！


今AIがめちゃくちゃバズってて、AI使える人が全然足りないから
簡単なAI作業でも時給が他の副業より圧倒的に高いんだよね

でも「AIって難しそう...」「パソコン苦手だし...」って思うでしょ？

そんなあなたにSHIFT AIがおすすめ！
あのキングコング西野さんも認めたAI専門家の木内さんが
たった2時間でAIの使い方から稼ぎ方まで教えてくれるよ

実際に参加した人の中には、3ヶ月目で20万、半年で100万稼いでる人も続出してるんだよね！

しかも、通常10,000円のところ今だけ無料みたいよ

令和の時代に効率よく稼ぎたいなら
AI副業一択だよ
したの詳細からチェックしてみて！",0.04%,1.01%,3.51%,2,0.036%
"「40代パートの主婦です。副業を始めたいのですが、楽に稼げる副業はありますか？」
実は今、完全AI初心者から始めて半年で月30万、人によっては月50万以上稼ぐ主婦の方が続出してるんです

これなんでかって言うと、今AIがめちゃくちゃバズってて、まさにAIバブルなんです

実際、AI市場が180兆円規模になるって言われている一方で、使いこなせる人が足りないから、AIスキルある人は引っ張りだこなんですよね

とはいえ、AIって自分で勉強するのは難しそうじゃないですか

そこで、おすすめの神サービス、見つけてきました。
それが、あのキングコング西野さんも認めたAI専門家の木内さんが運営している、
たった2時間の受講だけで、
AI初心者でもAIの使い方から稼ぎ方まで完全習得できると噂のこの無料セミナー
これ、既に10万人以上が受講して結果を出してるから、
AIで実際に稼ぐ力まで確実に身につけられるんです
実際、4ヶ月で月収30万、半年で100万達成してる人も続出してるらしくて、私もこれで稼げるようになっちゃいました

ただこのAIバブル、いつ終わるか分からないから、今のうちに無料セミナーだけでも参加してみてください",0.04%,1.76%,2.53%,2,0.044%
"""旦那の給料が低すぎる
実はもうAIを使える主婦は、家事の合間に旦那の2倍稼いでます
でもAIって難しそうだし、家事忙しすぎてAI勉強する時間なんてないじゃないですか
なので、今の旦那の給料に不満がある人はこのセミナー無料で参加できるので試してみてください
たった2時間でAIの使い方から月10万稼ぐ方法とかも知れたので、参加して大正解でした
""""実際に、この無料セミナーに参加した人の中には
2週間で7万とか1ヶ月で20万稼いでる人もいます""""
""""実はこれXのフォロワーが10万人以上いる
AI専門家の木内さんが運営してるセミナーで""""
""""木内さんの「日本をAI先進国に」という想いから
今だけ完全無料で参加できるらしいです""""
""""しかも今だけ参加者限定で
「AI副業案件集」などの12大特典がもらえるんで、
次の日から収益化目指せちゃいます""""
オンラインで顔出し不要なので、そういうのが苦手な人でも安心です
これまで10万人以上が参加した人気無料セミナーなので、AIで旦那の給料超えたい人はLINE追加して無料セミナー予約してみてください""",0.13%,2.38%,5.41%,2,0.129%
"""寝る前30分の勉強で
月50万AI副業で稼いでるママ友がズルい""
""この前久しぶりに会ったママ友が
AI副業始めてて""
""好きな時に好きな場所で働いて月50万稼げるから
最高！って言ってた""
""私だって
隙間時間に少しでも稼げたら良いなって思ってたけど""
""AIって難しそうだし
家事忙しすぎて
勉強する時間なんて全くありませんでした...""
そこでママ友に秘訣を聞いたら
ここの無料セミナーに行ってました
""たった2時間で
AIの使い方から月10万稼ぐ方法まで
1から全部教えてくれるらしい""
""実際に
この無料セミナーに参加した人の中には
3週間で月収7万
約1ヶ月で20万稼いでる人もいます""
""実はこれXのフォロワーが10万人以上いる
AI専門家の木内さんが運営してるセミナーで""
""木内さんの
「日本をAI先進国に」という想いから
今だけ完全無料で参加できるらしいです""
""しかも今だけ参加者限定で
「AI副業案件集」
などの12大特典がもらえるんで、
次の日から収益化目指せちゃいます""
""オンラインで顔出し不要なので
そういうのが苦手な人でも安心です""
""これ、既に10万人以上が参加してる
超人気無料セミナーだから""
""少しでもAI気になる人は
枠が埋まる前にセミナーだけでも予約してみてください""",0.08%,1.82%,4.65%,2,0.084%
"""ねぇ、秘密って何？
じゃーん
え、どうしたのこのお金？""
""これね
副業で
今月稼いだお金です""
え、副業？パートとか？
""私はね、AI副業ってやつ
それで最近ちょっと余裕出てきて""
""AI副業？何それ？稼げるの？
今月20万くらい稼げて""
""20万!?うそでしょ!?
どこで覚えたのそんなの？""
""SHIFT AIっていうところの
無料セミナーで教えてもらったの""
無料？怪しくない？
私も最初そう思ったけど
""AI専門家の木内さんって人がやってて、
あのキングコング西野さんも認めてる人らしいんだよね""
""2時間だけで、
私みたいなパソコン苦手な人にも
1から全部教えてくれるの""
マジか！すごすぎる。。。
""しかも今なら無料で
AI副業案件集とかの特典も
もらえるらしい""
""人気で申し込みが
殺到してるみたいだから、""
""興味あるなら早めに
申し込んだ方がいいかも""",0.07%,1.41%,4.88%,2,0.069%
"""え、、、、（女性がうなだれてるとか倒れてるとか）
「助けて,,,」
どうしたの...？
「じゃーーーーーん！！」
なにこれ?え、50万...!?
「今月の副業代！」""
""え、これガチなん？どうしたん？
「実はね最近副業始めたの！」""
マジで？副業ってこんな稼げるの？
""「うん！」
え、副業って何してるん？""
「私はね、AI副業ってやつ」
""あーなんか最近話題になってるやつね
なんかめっちゃ難しそうなイメージあるけど、、、
どこでそんなん覚えたん？""
私はねここの無料セミナーがきっかけだったの！
ChatGPTすら触ったことなくて不安だったんだけど
""初心者の私でも月10万は稼げるようになったから
マジで誰でも出来るよ！""
え、ガチ？
""うん。実はこれ
確かAI専門家の木内さん？って人がやってる無料のセミナーで""
木内さんが日本にAIを広めたいらしくて、今だけ完全無料で参加できるんだって
私も無料で参加できたし
あんたも少しでも気になってるなら
""マジでオススメだから
とりあえずLINE追加して無料セミナー予約してみて""",0.08%,1.90%,4.00%,2,0.076%
"AI副業で稼げすぎて今これ
""実はもう『AIを使いこなせる人』と『使えない人』
の生産性に10倍差がついてます""
""でもAIって難しそうで、
自分で勉強するのは面倒ですよね""
""なので、まじでAI使って仕事楽にしたい人は
このセミナー無料で参加できるので行ってください""
""たった2時間でAIの使い方から
月10万稼ぐ方法とかも知れるので""
控えめに言って神です
実際に、この無料セミナーに参加した人の中には
""4ヶ月で月収100万とか
約1ヶ月で250万稼いでる人もいます""
""実はこれ、あのキングコング西野さんも認めた 
AI専門家の木内さんが運営しているセミナーで""
""木内さんの『日本をAI先進国に』という想いから
今だけ完全無料らしいです""
しかも今だけ参加者限定で
""『AI副業案件集』などの12大特典がもらえるので、
明日から仕事楽にできちゃいます""
""オンラインで顔出し不要なので、
誰でも気軽に参加できます""
枠が埋まったら即終了なので、
""AI身につけたい人は今すぐLINE追加して
無料セミナー予約してみてください""",0.08%,2.05%,4.08%,2,0.084%
"""【貯金額が可視化された世界】
""""A：はぁ～、今月ほんとにヤバいかも...
B：そうだよね
A：子供の塾代もばかにならないし、でもあの子のこと考えたら夏期講習とかも通わせてあげたいし
B：分かる...
A：ゆかりちゃんちは最近どう...？""""
B： そうだね...でも最近ちょっと余裕ができたかな(603万→605万）+20,000
A：え、てかさっきからなんで数字増えてるの？（150万）
B： 実は...半年前から副業始めて（605万→606万）+10,000
A： えっ副業？！パートとか？（150万）
B： ううん、AI副業。それで最近ちょっと余裕出てきて...（606万→608万）（+20,000）
A： AI副業？何それ？稼げるの？（150万）
B： こうしてる間もAIが自動で稼いでくれてる、ほら！（608万→610万）（+20,000)）
A： え、もう10万も増えてるじゃん！どこで覚えたのそんなの？
B： SHIFT AIっていうところの無料セミナーで教えてもらったの
A： 無料？怪しくない？
B： 私も最初そう思ったけど...AI専門家の木内さんって人がやってて、あのキングコング西野さんも認めてる人らしいんだよね。
B： 2時間だけで、私みたいなパソコン苦手な人にも、１から全部教えてくれるの。
A：まじか。。！
B：今ではたまに外食もできるようになったよ
A： すごすぎる...
B： しかも今なら無料でAI副業案件集とかの特典ももらえるらしい
B： 人気で申し込みが殺到してるみたいだから、興味あるなら早めに申し込んだ方がいいかも""",0.04%,1.82%,2.47%,2,0.045%
"""AI副業って稼げるの？
私は3週間で7万稼げました
家事の合間に20万
未経験でも半年で月50万までいけた""
""実はもう『AIを使いこなせる人』と『使えない人』
の生産性に10倍差がついてます""
""でもAIって難しそうで、
自分で勉強するのは面倒ですよね""
""なので、まじでAI使って仕事楽にしたい人は
このセミナー無料で参加できるので行ってください""
""たった2時間でAIの使い方から
月10万稼ぐ方法とかも知れるので""
控えめに言って神です
実際に、この無料セミナーに参加した人の中には
""4ヶ月で月収100万とか
約1ヶ月で250万稼いでる人もいます""
""実はこれ、あのキングコング西野さんも認めた 
AI専門家の木内さんが運営しているセミナーで""
""木内さんの『日本をAI先進国に』という想いから
今だけ完全無料らしいです""
しかも今だけ参加者限定で
""『AI副業案件集』などの12大特典がもらえるので、
明日から仕事楽にできちゃいます""
""オンラインで顔出し不要なので、
誰でも気軽に参加できます""
枠が埋まったら即終了なので、
""AI身につけたい人は今すぐLINE追加して
無料セミナー予約してみてください""",0.09%,1.50%,5.88%,2,0.088%
"""誰でも月15万稼げるようになる方法
教えちゃいます！""
""使うのは
ChatGPTとKlingAIだけ""
""まずはChatGPTで
もとになる画像を生成するよ""
""作りたい画像の
特徴を打つだけで
はい完成！""
""アイディアが思いつかなかったら
それもChatGPTに聞いてみて！""
""次にKlingAIで
生成した画像を動かしていくよ""
してほしい動きをここに入れて…
""これだけで
バズる動画の完成！""
""こういうAIの使い方って
知ってるかどうかで10倍差が付くけど""
""自分で勉強するのは
正直難しいです""
""なので、まじでAI使って仕事楽にしたい人は
このセミナー無料で参加できるので行ってください""
""たった2時間でAIの使い方から
月10万稼ぐ方法とかも知れるんで""
控えめに言って神です
実際に、この無料セミナーに参加した人の中には
""4ヶ月で月収100万とか
約1ヶ月で250万稼いでる人もいます""
""実はこれ、あのキングコング西野さんも認めた 
AI専門家の木内さんが運営しているセミナーで""
""木内さんの『日本をAI先進国に』という想いから
今だけ完全無料らしいです""
しかも今だけ参加者限定で
""「AI副業案件集」などの豪華12大特典がもらえるから
明日から仕事楽にできちゃいます""
""オンラインで顔出し不要なので、
誰でも気軽に参加できます""
枠が埋まったら即終了なので、
""AI身につけたい人は今すぐLINE追加して
無料セミナー予約したらいいんじゃないっすか""",0.11%,1.97%,5.41%,2,0.107%
"""A：はぁ～、今月ほんとにヤバいかも...
B：そうだよね
A：子供にもっと習い事とかさせてあげたいけど、そんな余裕ないし
B：分かる...
A：ゆかりちゃんちは最近どう...？""
B： そうだね...でも最近ちょっと余裕ができたかな(603万→605万）+20,000
A：え、てかさっきからなんで数字増えてるの？（150万）
B： 実は...半年前から副業始めて（605万→606万）+10,000
A： えっ副業？！パートとか？（150万）
B： ううん、AI副業。それで最近ちょっと余裕出てきて...（606万→608万）（+20,000）
A： AI副業？何それ？稼げるの？（150万）
B： こうしてる間もAIが自動で稼いでくれてる、ほら！（608万→610万）（+20,000)）
A： え、もう10万も増えてるじゃん！どこで覚えたのそんなの？
B： SHIFT AIっていうところの無料セミナーで教えてもらったの
A： 無料？怪しくない？
B： 私も最初そう思ったけど...AI専門家の木内さんって人がやってて、あのキングコング西野さんも認めてる人らしいんだよね。
B： 2時間だけで、私みたいなパソコン苦手な人にも、１から全部教えてくれるの。
A：まじか。。！
B：今ではたまに外食もできるようになったよ
A： すごすぎる...
B： しかも今なら無料でAI副業案件集とかの特典ももらえるらしい
B： 人気で申し込みが殺到してるみたいだから、興味あるなら早めに申し込んだ方がいいかも",0.07%,2.03%,3.64%,2,0.074%
"""ほんっと
いくら働いても""	
全然給料上がんないよな...	
	そうだよな～
""老後2,000万必要って言うけど
これじゃ全然貯まらないって""	
	それな
藤井は最近どうなん？	
	""俺？そうだね。
でも最近ちょっと
余裕ができたかな""
""え、てかさっきから
頭の上の数字増えてるけど
年収680万って何？""	
	実は半年前から副業始めて
えっ副業？動画編集とか？	
	""いや、AI副業
それで最近
ちょっと余裕出てきたんよな""
""AI副業？何それ？
稼げるの？""	
	""うん、こうしてる間も
AIが自動で稼いでくれてる
ほら。
年収も上がってく""
""え、、ただ座ってるだけなのに。。
どこで覚えたの？
そんなの？""	
	""SHIFT AIっていうところの
無料セミナー""
無料？怪しくね？	
	""俺も最初そう思ったけど
AI専門家の木内さんって人がやってて""
	""あのキングコング西野さんも
認めてる人らしくてさ""
	""2時間だけで
俺みたいなAI初心者にも
1から全部教えてくれた""
マジか。。。	
	最近新車も買っちゃったんだよね
え、すご！	
	""しかも今なら
無料でAI副業案件集とかの
特典ももらえるらしい""
	""人気で申込が
殺到してるみたいだから""
	""興味あるなら
早めに申し込んだ方がいいぞ""",0.02%,1.85%,1.22%,1,0.023%
"はぁ、また今日も終電まで残業か...
給料も上がらないし、将来どうなるんだろう。
久しぶり。私は5年後の君だよ。警告しに来た。
5年後の俺？
これが5年後の君の現実だ。
AIに仕事を奪われて、収入激減。
なぜこんなことが...
AIを学ばずに、時代に取り残されたから。
こんな未来が待ってるのか...
でも、SHIFT AIでAI副業を学んでいれば、
月収3倍、完全自由な生活を手に入れた。
たった2時間のセミナーで、こんなに変わるなんて。
何もしないと未来は暗いまま。
AIを味方につければ、未来は変わる。
AI専門家の木内翔太先生の無料セミナーで全部教えてくれる。
このチャンスを逃したら手遅れだぞ。
こんな未来は嫌だ！
次会う時は、自由な君でいてくれ。
SHIFT AIの無料セミナーに参加して、未来を変えませんか？
今すぐ動画下から詳細確認してください。",0.02%,1.64%,1.02%,1,0.017%
"""速報です。
30代主婦の私でも月15万稼げる方法が判明しました""
試してみたんですけど、本当に稼げるようになりました  
それがこのセミナー(講座)ですね
""たった2時間でAIの使い方から
月15万稼ぐ方法とかまで知れるんで""
控えめに言って神です
""パソコン全然できなかったので正直不安だったんですけど、
初心者特化の内容なので大丈夫でした""
これなんでかっていうと
AIバブルで、いまAI人材の需要がとても上がってるかららしいんですよね
""実際に、この無料セミナーに参加した人の中には
1ヶ月で月収20万とか、4ヶ月で80万稼いでる人もいるらしいです""
""実はこれ、あのキングコング西野さんも認めた
AI専門家の木内さんが運営しているセミナーで""
通常10000円のところ、今だけ完全無料みたいなんですよね
しかも今だけ参加者限定で 「AI副業案件集」などの豪華12大特典がもらえるんで、 明日から収益化できちゃいます
""さらに、オンラインで顔出し不要なので、
誰でも気軽に参加できます""
枠が埋まったら即終了なので、
""AI身につけたい人は今すぐLINE追加して
無料セミナー予約してみてください""",0.07%,1.48%,5.00%,1,0.074%
"""まだChatGPTしか使ってない人
正直時代遅れです""
""1つ目はGemini
Googleが開発した最強のAIで、ChatGPTより多くの情報を処理することができ、1時間の動画をたった5分で要約できる""
""2つ目はGrok
Xの最新投稿をもとに鮮度の高い情報を知れて、10分で最新トレンドの収集や分析ができる""
このような最新のAIの情報をどこで入手したらいいか正直分からない人が多い
そこで日本最大級のAIコミュニティの無料AIセミナーが現在開催中
""実はこの無料セミナー
AI専門家の木内さんが運営していて、""
話題のAIの最新情報から仕事への活用術まで教えてくれるから、明日からの仕事が10倍楽に
""実際に参加した人からは
具体的なAIの最新情報が聞ける
セミナーの質が高いとの声も""
""今だけ参加者限定で
AIツール辞典を含む豪華12大特典がもらえる""
""既に100,000人が参加した超人気無料セミナーなので
枠が埋まる前にLINE追加して予約""",0.04%,3.41%,1.32%,1,0.045%
"""ChatGPTで
楽に月5万稼ぎたい人は
この動画をぜっっっったい見てください！！""
""実はもう
「AIを使いこなせる人」と
「使えない人」の生産性に
10倍差がついているんです""
""でもAIって難しそうで
自分で勉強するのは
大変そうですよね？""
""なのでマジでAI使って
副業したい人は""
""このセミナー
無料で参加できるので行ってみてください""
""たった2時間で
AIの使い方から
月10万稼ぐ方法とかも
知れるんで""
マジですごいんです
""この無料セミナーに
参加した人の中には""
""4ヶ月で月収100万とか
約1ヶ月で250万稼いでる人もいるんです""
""実はこれ
AI専門家の木内さんが
運営しているセミナーで""
""木内さんの
「日本をAI先進国に」
という想いから""
今だけ完全無料なんです
""しかも今だけ
AIツール辞典を含む
豪華12大特典がもらえちゃうんで""
明日からお金稼げちゃいます
""オンラインで
顔出し不要なので""
誰でも気軽に参加できます
""枠が埋まったら即終了なので
AI身に着けたい人は今すぐここのLINEを追加してみてください！""",0.02%,1.69%,1.11%,1,0.019%
"初月から収益出せる副業ってありますか？
あります！
日本の10人に1人が副業してるっていうデータがあって
その中でちゃんと稼げる人ってほんの一握りしかいないんですけど
""今回僕がめちゃめちゃ分かりやすく
副業での稼ぎ方を
教えてあげます""
""結論、AI使ってください
っていうのも例えば9時から18時まで働いて、自分の時間できるのが21時くらいだとして、そこから1時間でできる副業ってAI副業だけなんですよね""
じゃあ実際にどうやって稼ぐかって言うと、一番簡単なのはこんな感じの動画を作ってTikTokとかYouTubeに投稿することです。
TikTokなら再生単価0.05円くらいだから、この500万再生された動画一本で25万稼げちゃってます
これやり方さえ知ってれば誰でも10分くらいで作れちゃうんですけど
具体的にどのAIをどうやって使えばいいのかって調べてもなかなか分からないじゃないですか
なので本気でAI使って月10万以上稼ぎたいならここの無料セミナーだけでも行ってみてください
これはAI専門家の木内さんが運営している
今まで10万人以上が参加した「完全無料」「たった2時間」「オンライン顔出しなし」のAIセミナーです
実際にこのセミナーに参加した人で
""始めて4ヶ月で100万稼いだ人や
1ヶ月で250万稼いでる人もいます""
副業したいけど何からやったらいいか分からないって人は
詳細からLINE追加して無料セミナー参加してきてください",0.03%,0.91%,3.45%,1,0.031%
"""無駄な隙間時間活用したい人、
長く稼げるスキル欲しい人、
10年後も通用するスキル欲しい人、
本業超える収入欲しい人、
月20万以上稼げるスキル欲しい人、
今より稼げる副業探してる人、
今の収入じゃ足りない人、
次世代技術に興味ある人
新しいツール触るの好きって人、""
""この副業絶対天職
１分で紹介します""
私がやった副業、それはAI使った副業
とはいえAI副業って、難しそうなイメージじゃないですか
でも実際のAI副業は、誰でもできる身近な副業なんです
ではなんでAI？って思うかもしれませんが、
AI人材の市場規模ってこの5年で180兆円になるって言われていて、
企業がAI人材を欲しがってるのに、使いこなせる人が足りないから需要過多になってるんですね。
""なので1案件10万〜50万の高単価で依頼が来るから
稼ぎやすさが他の副業と比べて段違いなんです""
そんな中、あのキングコング西野さんも認めたAI専門家の木内さんが、たった2時間で、しかも無料でAIの使い方から月10万稼ぐ方法まで教えてくれるんです。
実際、参加した人の中には4ヶ月で月収100万、1ヶ月で250万稼いでる人もいるらしいんですよね
私は本業があったので、隙間時間だけでやったけど、それでも月30万はゲットできました
しかも今ならこの無料セミナーに加えて、
AI副業案件集とかの12大特典も無料でもらえるらしいから、
予約が埋まる前に今すぐ詳細チェックしてみて",0.05%,0.88%,5.56%,1,0.049%
"ちょっとさ...相談があるんだけど
これ見て
え、なにこれ
100万円
え、、、
""実は
半年前から副業始めて""
え、副業？パートとか？
""私はね、AI副業ってやつ
それで最近ちょっと余裕出てきて""
""AI副業？何それ？稼げるの？
今月20万くらい稼げて""
""20万!?うそでしょ!?
どこで覚えたのそんなの？""
""SHIFT AIっていうところの
無料セミナーで教えてもらったの""
無料？怪しくない？
私も最初そう思ったけど
""AI専門家の木内さんって人がやってて、
あのキングコング西野さんも認めてる人らしいんだよね""
""2時間だけで、
私みたいなパソコン苦手な人にも
1から全部教えてくれるの""
マジか！すごすぎる。。。
""しかも今なら無料で
AI副業案件集とかの特典も
もらえるらしい""
""人気で申し込みが
殺到してるみたいだから、""
""興味あるなら早めに
申し込んだ方がいいかも""",0.01%,1.76%,0.74%,1,0.013%
"春田さんAIって知ってますか？
あぁ知ってるぞ！Storyが有名だな！
""あー、それは歌手の方ですね。
もう今の時代、AIで副業を始める人も多いらしいですけど""
それは稼げるのか？
ドケチな春田さんなら食いついてくると思いました
一本釣られた
一本取られたみたいに言わないでください
へっ
AI副業はただの副業とは違ってほぼ自動で5万10万と稼げるみたいですよ
皆さん、この男に騙されないでください
""別に騙そうとはしてないんですけどもね
""
どこでAI使えるようになるんだ？
""やる満々じゃねぇか！
SHIFT AIの無料セミナーに参加したらたった2時間でAIの使い方から月10万稼ぐ方法が教えてもらえるらしいですよ""
なぬ！！
""実際に参加した人で
1ヵ月で20万とか
4ヶ月で100万稼いでる人もいて""
（なんか入れる）
あのキングコング西野さんも認めたAI専門家の木内さんが運営してるセミナーで
""木内さんの「日本をAI先進国に」という想いから
10,000円相当のセミナーが今だけ完全無料らしいですよ""
（なんかいれたい）
しかも今だけ参加者限定で豪華特典もついてくるらしいです
これまで10万人以上が参加した人気無料セミナーなのでAI使って稼ぎたい人は詳細をチェックしてみてください
バーイ",0.03%,1.52%,2.22%,1,0.034%
"はぁ...通勤時間ってほんともったいないよなぁ...



この時間も何か稼げたらいいのに

 分かります...

 田中さんもお家遠くて、毎日ほんと時間無駄にしてますよね

そうなんです...でも実は最近ちょっと変わって

 え？

 実は...半年前から副業始めて

副業？！電車で？

 そうです、AI副業。それで通勤時間も無駄にならなくなって...

 AI副業？何それ、稼げるんですか？

 こうやって電車乗ってる間もスマホだけでAIが勝手に稼いでくれてるんです

 え、今も？どこで覚えたんですかそんなの

 SHIFT AIっていうところの無料セミナーで教えてもらったんです

 無料？怪しくないですか？

 僕も最初そう思ったんですけど...AI専門家の木内さんって人がやってて、あのキングコング西野さんも認めてる人らしいんです

 へぇ...

 たった2時間で、僕みたいなパソコン苦手な人にも、１から全部教えてくれるんですよね

 すごいですね...

 今では通勤時間が楽しみになりましたよ

 いいなぁ...

 しかも今なら無料でAI副業案件集とかの特典ももらえるらしいんですけど、
 人気で申し込みが殺到してるみたいだから、興味あるなら早めに申し込んだ方がいいかも


",0.01%,1.49%,0.79%,1,0.012%
"""貯金額が可視化されたらどうなるのか
 もう...ほんっと今月カツカツでさ...（150万）
 そうだよね...（600万→601万）+10,000
 給料全然変わんないのに、ほんとに最近物価高くて...（150万）
 分かる...（601万→603万）+20,000みたいな
ゆかりさんちは最近どう...？（150万）""
""貯金額が可視化されたらどうなるのか
夫の給料ほんっと低すぎる...（150万）
 そうだよね...（600万→601万）+10,000
 給料全然変わんないのに、ほんとに最近物価高くて...（150万）
 分かる...（601万→603万）+20,000みたいな
ゆかりさんちは最近どう...？（150万）""
""貯金額が可視化されたらどうなるのか
老後資金、ほんと全然貯まらないわ...（450万）
 そうだよね...（1300万→1301万）+10,000
2000万必要って言うけど、このペースじゃ無理よ（450万）
 分かる...（1301万→1303万）+20,000みたいな
 〇〇さんちは最近どう...？（450万）""
 そうだね...でも最近ちょっと余裕ができたかな(603万→605万）+20,000
え、てかさっきからなんで数字増えてるの？（150万）
 実は...半年前から副業始めて（605万→606万）+10,000
 えっ副業？！パートとか？（150万）
 ううん、AI副業。それで最近ちょっと余裕出てきて...（606万→608万）（+20,000）
 AI副業？何それ？稼げるの？（150万）
 こうしてる間もAIが自動で稼いでくれてる、ほら！（608万→610万）（+20,000)）
 え、もう10万も増えてるじゃん！どこで覚えたのそんなの？
 SHIFT AIっていうところの無料セミナーで教えてもらったの
 無料？怪しくない？
 私も最初そう思ったけど...AI専門家の木内さんって人がやってて、あのキングコング西野さんも認めてる人らしいんだよね。
 2時間だけで、私みたいなパソコン苦手な人にも、１から全部教えてくれるの。
まじか。。！
今ではたまに外食もできるようになったよ
 すごすぎる...
 しかも今なら無料でAI副業案件集とかの特典ももらえるらしい
 人気で申し込みが殺到してるみたいだから、興味あるなら早めに申し込んだ方がいいかも",0.07%,2.63%,2.70%,1,0.071%
"はぁ...通勤時間ってほんともったいないよなぁ...



この時間も何か稼げたらいいのに

 分かります...

 田中さんもお家遠くて、毎日ほんと時間無駄にしてますよね

そうなんです...でも実は最近ちょっと変わって

 え？

 実は...半年前から副業始めて

副業？！電車で？

 そうです、AI副業。それで通勤時間も無駄にならなくなって...

 AI副業？何それ、稼げるんですか？

 こうやって電車乗ってる間もスマホだけでAIが勝手に稼いでくれてるんです

 え、今も？どこで覚えたんですかそんなの

 SHIFT AIっていうところの無料セミナーで教えてもらったんです

 無料？怪しくないですか？

 僕も最初そう思ったんですけど...AI専門家の木内さんって人がやってて、あのキングコング西野さんも認めてる人らしいんです

 へぇ...

 たった2時間で、僕みたいなパソコン苦手な人にも、１から全部教えてくれるんですよね

 すごいですね...

 今では通勤時間が楽しみになりましたよ

 いいなぁ...

 しかも今なら無料でAI副業案件集とかの特典ももらえるらしいんですけど、
 人気で申し込みが殺到してるみたいだから、興味あるなら早めに申し込んだ方がいいかも


",0.06%,1.92%,3.33%,1,0.064%
